{
  "Total" : {
    "transaction" : "Total",
    "sampleCount" : 30,
    "errorCount" : 0,
    "errorPct" : 0.0,
    "meanResTime" : 931.9999999999999,
    "medianResTime" : 761.5,
    "minResTime" : 181.0,
    "maxResTime" : 2974.0,
    "pct1ResTime" : 1863.4000000000005,
    "pct2ResTime" : 2664.8999999999996,
    "pct3ResTime" : 2974.0,
    "throughput" : 1.3859373556315253,
    "receivedKBytesPerSec" : 0.8003427307585697,
    "sentKBytesPerSec" : 0.20978543957313128
  },
  "GET /delay/1 Request" : {
    "transaction" : "GET /delay/1 Request",
    "sampleCount" : 10,
    "errorCount" : 0,
    "errorPct" : 0.0,
    "meanResTime" : 1634.1,
    "medianResTime" : 1353.0,
    "minResTime" : 1182.0,
    "maxResTime" : 2974.0,
    "pct1ResTime" : 2917.8,
    "pct2ResTime" : 2974.0,
    "pct3ResTime" : 2974.0,
    "throughput" : 0.5329070077271516,
    "receivedKBytesPerSec" : 0.28206601385558216,
    "sentKBytesPerSec" : 0.06401129096722621
  },
  "GET /get Request" : {
    "transaction" : "GET /get Request",
    "sampleCount" : 10,
    "errorCount" : 0,
    "errorPct" : 0.0,
    "meanResTime" : 884.9,
    "medianResTime" : 748.5,
    "minResTime" : 703.0,
    "maxResTime" : 1678.0,
    "pct1ResTime" : 1625.9,
    "pct2ResTime" : 1678.0,
    "pct3ResTime" : 1678.0,
    "throughput" : 0.5243288590604027,
    "receivedKBytesPerSec" : 0.25192363150167785,
    "sentKBytesPerSec" : 0.060932748269714766
  },
  "TC_01_Visit_Homepage_and_Get_Data" : {
    "transaction" : "TC_01_Visit_Homepage_and_Get_Data",
    "sampleCount" : 10,
    "errorCount" : 0,
    "errorPct" : 0.0,
    "meanResTime" : 2519.0,
    "medianResTime" : 2396.5,
    "minResTime" : 1911.0,
    "maxResTime" : 3713.0,
    "pct1ResTime" : 3658.7000000000003,
    "pct2ResTime" : 3713.0,
    "pct3ResTime" : 3713.0,
    "throughput" : 0.487353184853063,
    "receivedKBytesPerSec" : 0.4921124932988937,
    "sentKBytesPerSec" : 0.11517526438910279
  },
  "POST /post Request" : {
    "transaction" : "POST /post Request",
    "sampleCount" : 10,
    "errorCount" : 0,
    "errorPct" : 0.0,
    "meanResTime" : 277.0,
    "medianResTime" : 191.5,
    "minResTime" : 181.0,
    "maxResTime" : 776.0,
    "pct1ResTime" : 737.5000000000001,
    "pct2ResTime" : 776.0,
    "pct3ResTime" : 776.0,
    "throughput" : 0.5627145349164369,
    "receivedKBytesPerSec" : 0.40664917562320635,
    "sentKBytesPerSec" : 0.12254427859996624
  }
}